{"stats":{"minecraft:dropped":{"minecraft:wooden_axe":1,"minecraft:oak_planks":1,"minecraft:quartz_pillar":1},"minecraft:custom":{"minecraft:time_since_rest":5639,"minecraft:sprint_one_cm":116689,"minecraft:damage_taken":1150,"minecraft:walk_one_cm":379132,"minecraft:mob_kills":42,"minecraft:drop":3,"minecraft:damage_dealt":5008,"minecraft:interact_with_crafting_table":1,"minecraft:fly_one_cm":15128254,"minecraft:open_chest":4,"minecraft:crouch_one_cm":1899,"minecraft:play_one_minute":1525662,"minecraft:deaths":11,"minecraft:sneak_time":20861,"minecraft:walk_under_water_one_cm":2941,"minecraft:aviate_one_cm":1011776,"minecraft:jump":869,"minecraft:leave_game":34,"minecraft:walk_on_water_one_cm":276,"minecraft:time_since_death":5612,"minecraft:climb_one_cm":864,"minecraft:fall_one_cm":4818},"minecraft:crafted":{"minecraft:oak_planks":4,"minecraft:crafting_table":1},"minecraft:picked_up":{"minecraft:wooden_axe":1,"minecraft:red_mushroom":64,"minecraft:birch_stairs":1,"minecraft:oak_log":63,"minecraft:elytra":1,"minecraft:firework_rocket":101,"minecraft:arrow":3,"minecraft:bone":4,"minecraft:apple":1,"minecraft:slime_ball":23,"minecraft:wheat_seeds":16,"minecraft:white_concrete":1,"minecraft:chest":1,"minecraft:dark_oak_fence":65,"minecraft:oak_planks":3,"minecraft:white_wool":2,"minecraft:dark_oak_stairs":1},"minecraft:mined":{"minecraft:dark_oak_fence":1},"minecraft:killed":{"minecraft:slime":42},"minecraft:killed_by":{"minecraft:wither_skeleton":1},"minecraft:used":{"minecraft:oak_fence":87,"minecraft:jungle_leaves":1,"minecraft:firework_rocket":10,"minecraft:quartz_pillar":49,"minecraft:birch_planks":250,"minecraft:quartz_slab":376,"minecraft:birch_slab":96,"minecraft:spruce_wood":395,"minecraft:birch_leaves":25,"minecraft:grass_block":174,"minecraft:red_sandstone_slab":3386,"minecraft:lily_pad":32,"minecraft:green_wool":2,"minecraft:quartz_block":47,"minecraft:spruce_planks":432,"minecraft:stone_slab":40,"minecraft:dark_oak_leaves":1,"minecraft:stone":380,"minecraft:iron_sword":44,"minecraft:smooth_quartz":192,"minecraft:quartz_stairs":33,"minecraft:cobblestone_slab":16,"minecraft:white_wool":190,"minecraft:oak_leaves":1,"minecraft:spruce_leaves":1,"minecraft:torch":25,"minecraft:jungle_wood":27,"minecraft:glowstone":11,"minecraft:diamond_sword":147,"minecraft:mossy_cobblestone":190,"minecraft:cobblestone":100,"minecraft:potion":6,"minecraft:vine":445,"minecraft:jungle_planks":12,"minecraft:podzol":34,"minecraft:dark_oak_fence":4,"minecraft:cobblestone_wall":92,"minecraft:acacia_leaves":1,"minecraft:oak_wood":38,"minecraft:chiseled_quartz_block":4,"minecraft:coarse_dirt":1,"minecraft:birch_stairs":46,"minecraft:birch_fence":44}},"DataVersion":2230}